year_month,item_type,avg_units_sold,avg_revenue
2010-01,Baby Food,4958.544340848295,1265817.1993317527
2010-01,Beverages,4985.227154060303,236549.0284601614
2010-01,Cereal,5002.744251203111,1029064.4924724799
2010-01,Clothes,4983.086276995017,544551.6683500154
2010-01,Cosmetics,4952.873604647724,2165396.339951985
2010-01,Fruits,5023.2323359330485,46866.75769425535
2010-01,Household,4990.357080048685,3334905.9258841346
2010-01,Meat,4957.956121429252,2091712.1080697873
2010-01,Office Supplies,5011.600035874077,3263604.059361558
2010-01,Personal Care,5023.708417899527,410587.6889949284
2010-01,Snacks,4971.348636286919,758528.3749246582
2010-01,Vegetables,4950.647319297666,762696.7260109985
2010-02,Baby Food,5019.794502040784,1281453.1404809714
2010-02,Beverages,5045.611517438421,239414.2665024531
2010-02,Cereal,5054.663530882751,1039744.2883025819
2010-02,Clothes,4971.507158138691,543286.302241396
2010-02,Cosmetics,4999.547796184953,2185802.2964920616
2010-02,Fruits,5022.08448227513,46856.04821962696
2010-02,Household,5021.167315231852,3355495.4817499896
2010-02,Meat,4963.715060410095,2094141.7468364153
2010-02,Office Supplies,5014.258766494789,3265335.4513290715
2010-02,Personal Care,5010.291601530089,409491.13259305415
2010-02,Snacks,4986.9945810893,760915.6331826054
2010-02,Vegetables,5041.161392463524,776641.3241229306
2010-03,Baby Food,4988.355912507058,1273427.497344802
2010-03,Beverages,4985.769119298122,236574.7447106959
2010-03,Cereal,4992.780273751731,1027014.9023107312
2010-03,Clothes,4975.032813576352,543671.5858676237
2010-03,Cosmetics,5010.456865060741,2190571.7414045557
2010-03,Fruits,4958.55683283557,46263.33525035587
2010-03,Household,5002.358427997322,3342926.0666777706
2010-03,Meat,5017.614870270977,2116881.5376186226
2010-03,Office Supplies,4993.319698559004,3251699.7208986087
2010-03,Personal Care,5020.933391515911,410360.8860885955
2010-03,Snacks,4995.52753550749,762217.5913677328
2010-03,Vegetables,4978.504396767073,766988.3873659351
2010-04,Baby Food,4955.580834746158,1265060.6754939994
2010-04,Beverages,5019.395711854615,238170.3265275015
2010-04,Cereal,5049.101971197581,1038600.2754753425
2010-04,Clothes,5008.106028376921,547285.82678103
2010-04,Cosmetics,5000.369684577578,2186161.626097317
2010-04,Fruits,4979.693774941993,46460.5429202088
2010-04,Household,5003.460792655128,3343662.7439076416
2010-04,Meat,5000.374718301953,2109608.0899044108
2010-04,Office Supplies,4976.783048738743,3240930.8891691566
2010-04,Personal Care,4999.393252558114,408600.4105315746
2010-04,Snacks,5009.761215137797,764389.3662057251
2010-04,Vegetables,5011.806549854605,772118.9170706004
2010-05,Baby Food,4961.065989344639,1266460.9257598994
2010-05,Beverages,4999.488704840379,237225.73904467598
2010-05,Cereal,4985.958680822813,1025611.7006452527
2010-05,Clothes,5014.278112181322,547960.3120991748
2010-05,Cosmetics,5009.35023902829,2190087.9245031686
2010-05,Fruits,4960.469771740157,46281.18297033566
2010-05,Household,5003.383216449585,3343610.9020567643
2010-05,Meat,5014.1833271313835,2115433.8038834594
2010-05,Office Supplies,5003.965553714816,3258632.4082346256
2010-05,Personal Care,4957.787820823177,405199.99859587825
2010-05,Snacks,5038.53742700013,768780.0406116799
2010-05,Vegetables,5015.358759542652,772666.1704951408
2010-06,Baby Food,5020.989476216409,1281758.1934885248
2010-06,Beverages,5014.19887551117,237923.73664300502
2010-06,Cereal,4993.440271437124,1027150.6638346162
2010-06,Clothes,5010.612061241882,547559.6860525128
2010-06,Cosmetics,4983.3950048638735,2178740.2961264853
2010-06,Fruits,4981.847144705895,46480.63386010599
2010-06,Household,5054.1664468806985,3377547.811456964
2010-06,Meat,4996.702888090196,2108058.981456373
2010-06,Office Supplies,4990.926536919332,3250141.2701072376
2010-06,Personal Care,4999.962735449502,408646.95436828776
2010-06,Snacks,4996.928750192888,762431.3887044309
2010-06,Vegetables,4988.374431062264,768508.9648494524
2010-07,Baby Food,4982.908639191152,1272036.9174127174
2010-07,Beverages,5029.368186483075,238643.52044862192
2010-07,Cereal,5059.506279983371,1040740.4417925795
2010-07,Clothes,4998.273863539569,546211.367807604
2010-07,Cosmetics,5010.810600336426,2190726.3944670856
2010-07,Fruits,5009.823334702862,46741.6517127777
2010-07,Household,4978.759066706643,3327155.3215080486
2010-07,Meat,4973.85200788931,2098418.423608421
2010-07,Office Supplies,5007.564994284787,3260976.3999281954
2010-07,Personal Care,5041.7043509077785,412058.4965996928
2010-07,Snacks,5025.704486359911,766821.9905287953
2010-07,Vegetables,5010.806823633459,771964.8992489708
2010-08,Baby Food,5024.40773890864,1282630.8075885975
2010-08,Beverages,4996.393633936016,237078.877930264
2010-08,Cereal,4951.648112719015,1018554.0167863014
2010-08,Clothes,4945.066895605245,540396.9103517412
2010-08,Cosmetics,5020.297261536772,2194873.9627438765
2010-08,Fruits,5054.848317011008,47161.73479771271
2010-08,Household,4987.026635428888,3332680.2896580636
2010-08,Meat,5004.402320317004,2111307.294918541
2010-08,Office Supplies,5005.675745597869,3259746.102290788
2010-08,Personal Care,5002.644231189866,408866.1130151478
2010-08,Snacks,4981.826479835811,760127.0842933482
2010-08,Vegetables,4996.937230348041,769828.1497074191
2010-09,Baby Food,4974.934399723247,1270001.2535613505
2010-09,Beverages,5013.744907715952,237902.19587112192
2010-09,Cereal,4987.557267645048,1025940.5299545865
2010-09,Clothes,4990.435923395883,545354.8377087022
2010-09,Cosmetics,5010.305319429503,2190505.4856545785
2010-09,Fruits,5052.181427257979,47136.85271631694
2010-09,Household,5026.010732050364,3358732.191907297
2010-09,Meat,5043.627791727358,2127856.1290518553
2010-09,Office Supplies,4977.994901512549,3241720.059813987
2010-09,Personal Care,4982.342536866115,407206.8555380675
2010-09,Snacks,4989.258079181373,761260.997721494
2010-09,Vegetables,5045.7444545509325,777347.3906681166
2010-10,Baby Food,5016.239126088517,1280545.5241078765
2010-10,Beverages,4971.6488901993325,235904.73983995832
2010-10,Cereal,4999.861742836499,1028471.5605014679
2010-10,Clothes,4979.198458044341,544126.8074950856
2010-10,Cosmetics,4986.598598078431,2180140.90707989
2010-10,Fruits,5003.864408363787,46686.05493003414
2010-10,Household,4990.001458602481,3334668.27474028
2010-10,Meat,4984.88281790389,2103072.212045472
2010-10,Office Supplies,5000.92592944678,3256652.9745150376
2010-10,Personal Care,5007.387819253601,409253.8064675968
2010-10,Snacks,4983.240429507824,760342.8247343038
2010-10,Vegetables,4977.904025326678,766895.894141828
2010-11,Baby Food,5004.859589516084,1277640.5560116658
2010-11,Beverages,4986.00289831121,236585.83752486692
2010-11,Cereal,5008.715720045872,1030292.823613436
2010-11,Clothes,5003.867143468908,546822.6014382823
2010-11,Cosmetics,4939.6009880278625,2159593.551965782
2010-11,Fruits,5058.720907666428,47197.86606852777
2010-11,Household,4993.199169615759,3336805.2090791236
2010-11,Meat,4995.435340383401,2107524.2157543534
2010-11,Office Supplies,5022.208010368533,3270512.078432092
2010-11,Personal Care,4960.4685147179935,405419.09170790156
2010-11,Snacks,5006.607305715928,763908.1427061365
2010-11,Vegetables,5030.139719806074,774943.3252333238
2010-12,Baby Food,4994.557097695719,1275010.535899763
2010-12,Beverages,4994.931948685273,237009.5209651162
2010-12,Cereal,4999.6201153978745,1028421.8577373428
2010-12,Clothes,5022.622377150224,548872.1733749765
2010-12,Cosmetics,5015.372402958702,2192720.814573545
2010-12,Fruits,4986.650859085194,46525.45251526485
2010-12,Household,5008.396163168185,3346960.903960403
2010-12,Meat,4996.0217683105275,2107771.6238325285
2010-12,Office Supplies,4999.99409927385,3256046.1573881237
2010-12,Personal Care,5029.380688164832,411051.2836437117
2010-12,Snacks,5001.777398407194,763171.1954489696
2010-12,Vegetables,5004.488294146839,770991.4665962621
2011-01,Baby Food,5016.809664042084,1280691.171036663
2011-01,Beverages,5005.083431840369,237491.20884082548
2011-01,Cereal,5027.767046492001,1034211.6814634046
2011-01,Clothes,5025.50841127301,549187.5591839146
2011-01,Cosmetics,5006.137167657222,2188683.1696997373
2011-01,Fruits,4986.8633795245305,46527.43533096387
2011-01,Household,5010.220814998762,3348180.2640392226
2011-01,Meat,5024.237748422422,2119675.6636819355
2011-01,Office Supplies,5018.024190530953,3267787.5331156617
2011-01,Personal Care,4933.68658647502,403230.2047126034
2011-01,Snacks,5002.854703922351,763335.5707244724
2011-01,Vegetables,4997.844302270247,769967.8932077542
2011-02,Baby Food,4979.849562205597,1271255.996239845
2011-02,Beverages,5001.311278227779,237312.22015190814
2011-02,Cereal,4986.679637581324,1025760.0014504783
2011-02,Clothes,4996.190021732524,545983.6455749302
2011-02,Cosmetics,5047.308595241168,2206683.317839439
2011-02,Fruits,4986.693679877208,46525.85203325435
2011-02,Household,5048.547892742814,3373793.10028324
2011-02,Meat,4971.086813536742,2097251.815763016
2011-02,Office Supplies,4996.599687122073,3253835.682250765
2011-02,Personal Care,4989.416122902908,407784.9797248546
2011-02,Snacks,4980.385649237695,759907.2423606876
2011-02,Vegetables,5010.975638692363,771990.9068969454
2011-03,Baby Food,5004.151891583101,1277459.894883334
2011-03,Beverages,4969.129458122279,235785.19278790217
2011-03,Cereal,5021.459285910764,1032914.1751118442
2011-03,Clothes,4998.724916778527,546260.6589055574
2011-03,Cosmetics,5031.253119325852,2199663.8637692626
2011-03,Fruits,5027.604582624698,46907.550755888435
2011-03,Household,5002.575552560664,3343071.164509715
2011-03,Meat,4987.069904249595,2103994.9219038617
2011-03,Office Supplies,5029.927891980789,3275539.3425368094
2011-03,Personal Care,4987.896490072053,407660.78013358894
2011-03,Snacks,5084.219501404881,775750.2115243567
2011-03,Vegetables,5006.538553793717,771307.3295974602
2011-04,Baby Food,4962.91963386157,1266934.1241321818
2011-04,Beverages,5001.851053522687,237337.8324896515
2011-04,Cereal,4973.511388236885,1023051.2925603272
2011-04,Clothes,5012.0466601712515,547716.4590235144
2011-04,Cosmetics,5088.345319915808,2224624.5738671916
2011-04,Fruits,5020.452706731439,46840.823753804325
2011-04,Household,4979.229121135564,3327469.4447812634
2011-04,Meat,4981.9318881499985,2101827.244291603
2011-04,Office Supplies,5001.111808081213,3256774.020540567
2011-04,Personal Care,4979.882884060636,407005.82811427576
2011-04,Snacks,4972.945199453021,758771.9785325419
2011-04,Vegetables,4981.7467688852885,767487.9072144675
2011-05,Baby Food,4952.81102765558,1264353.5991399165
2011-05,Beverages,5012.980927264438,237865.9449986976
2011-05,Cereal,5004.018893423828,1029326.6863772812
2011-05,Clothes,5018.102535818968,548378.2451142968
2011-05,Cosmetics,4982.095225455273,2178172.032569045
2011-05,Fruits,5014.571915133573,46785.95596819624
2011-05,Household,4977.740571591184,3326474.69177724
2011-05,Meat,4991.237648307511,2105753.251444456
2011-05,Office Supplies,5009.257547311791,3262078.6073849117
2011-05,Personal Care,4991.450397183394,407951.2409617988
2011-05,Snacks,5012.066396019279,764741.0907046216
2011-05,Vegetables,4964.203552198731,764785.1992517365
2011-06,Baby Food,4971.3003927986165,1269073.5642736307
2011-06,Beverages,5052.086372834238,239721.49839098458
2011-06,Cereal,4977.835884837063,1023940.8415109839
2011-06,Clothes,5040.873024647596,550866.6041334893
2011-06,Cosmetics,5012.1734817212355,2191322.2462085243
2011-06,Fruits,4992.5168593542385,46580.18229777505
2011-06,Household,5030.291423224854,3361592.8493984733
2011-06,Meat,4979.219461687298,2100682.8986912537
2011-06,Office Supplies,5024.016793333058,3271689.9759864206
2011-06,Personal Care,4974.004711987094,406525.4051107053
2011-06,Snacks,4979.345585406421,759748.5494213118
2011-06,Vegetables,4978.880091619231,767046.2669148588
2011-07,Baby Food,4990.610014886899,1274002.9246003279
2011-07,Beverages,5009.242778785966,237688.56985339406
2011-07,Cereal,5026.839494435868,1034020.8840054579
2011-07,Clothes,4966.378117028542,542725.8006288791
2011-07,Cosmetics,5016.9798181676515,2193423.5765028973
2011-07,Fruits,5007.651297678552,46721.38660734089
2011-07,Household,4980.037337186158,3328009.551321394
2011-07,Meat,4999.101569313049,2109070.961077483
2011-07,Office Supplies,4953.25219154241,3225607.359654333
2011-07,Personal Care,5023.579467501836,410577.149878925
2011-07,Snacks,5002.296493494279,763250.3989773572
2011-07,Vegetables,4992.157527191038,769091.7886390514
2011-08,Baby Food,5017.505872310359,1280868.8990833885
2011-08,Beverages,4976.024468224544,236112.3610172546
2011-08,Cereal,4947.138975773364,1017626.487316581
2011-08,Clothes,4998.588112713301,546245.7089573095
2011-08,Cosmetics,5015.050377818985,2192580.02518246
2011-08,Fruits,4961.686267460183,46292.53287540351
2011-08,Household,5019.6414352131305,3354475.781909879
2011-08,Meat,4997.701318261008,2108480.2091611368
2011-08,Office Supplies,4985.843913996999,3246831.415233985
2011-08,Personal Care,5003.746404824121,408956.1936662754
2011-08,Snacks,5000.569630822129,762986.9142708405
2011-08,Vegetables,4997.503773245457,769915.431306195
2011-09,Baby Food,5006.963881044309,1278177.7395529912
2011-09,Beverages,5029.561893504202,238652.71184677441
2011-09,Cereal,4977.363736430974,1023843.7205838514
2011-09,Clothes,5014.7708157658335,548014.1547468903
2011-09,Cosmetics,4988.933051683444,2181161.5301960018
2011-09,Fruits,4977.815165943301,46443.01549825099
2011-09,Household,4997.834177959661,3339902.6461051027
2011-09,Meat,4970.5557549165405,2097027.767441739
2011-09,Office Supplies,5026.178055218722,3273097.4113389836
2011-09,Personal Care,5002.5114043682115,408855.257079014
2011-09,Snacks,5018.689152230981,765751.5908474029
2011-09,Vegetables,5032.965127417413,775378.6075299266
2011-10,Baby Food,4999.585089880686,1276294.0817447414
2011-10,Beverages,4986.699787253712,236618.90490518865
2011-10,Cereal,4995.54595697169,1027583.8033490767
2011-10,Clothes,5011.692340730177,547677.7389949937
2011-10,Cosmetics,4971.007676631432,2173324.556223262
2011-10,Fruits,4982.04097623051,46482.44230823066
2011-10,Household,5009.194396531665,3347494.3393702153
2011-10,Meat,5023.851109354791,2119512.5445256927
2011-10,Office Supplies,5004.623474611067,3259060.8529014722
2011-10,Personal Care,5013.0132554663505,409713.57336926484
2011-10,Snacks,4993.395647315188,761892.3078673515
2011-10,Vegetables,5028.582107098675,774703.3594196219
2011-11,Baby Food,4991.778026071943,1274301.0944956455
2011-11,Beverages,4977.695964048963,236191.67349412333
2011-11,Cereal,5031.798608343191,1035040.9737361942
2011-11,Clothes,5000.443785384459,546448.4968668137
2011-11,Cosmetics,5007.76185895423,2189393.484734789
2011-11,Fruits,5011.2319031641555,46754.79365652157
2011-11,Household,4975.172610947729,3324758.6007180386
2011-11,Meat,4985.079511603799,2103155.1951505267
2011-11,Office Supplies,5025.418412295849,3272602.7242711796
2011-11,Personal Care,4959.672356177413,405354.02167038
2011-11,Snacks,4994.277304198151,762026.8310745538
2011-11,Vegetables,4989.3990672038,768666.8202934174
2011-12,Baby Food,5002.048359510952,1276922.9052159556
2011-12,Beverages,4999.578910460447,237230.01930134822
2011-12,Cereal,4985.219164959059,1025459.5822320783
2011-12,Clothes,5022.101227065216,548815.2220936868
2011-12,Cosmetics,5024.940624848696,2196904.04118385
2011-12,Fruits,4986.205070465688,46521.29330744487
2011-12,Household,5013.371071301569,3350285.4858186995
2011-12,Meat,5006.474859584086,2112181.6785099297
2011-12,Office Supplies,4992.787752673399,3251353.312418444
2011-12,Personal Care,5036.110015327224,411601.271552694
2011-12,Snacks,4990.985320245592,761524.5401630725
2011-12,Vegetables,5018.692995224418,773179.8428442739
2012-01,Baby Food,4956.585667689773,1265317.1892478452
2012-01,Beverages,4968.621274472498,235761.07947372002
2012-01,Cereal,5025.678972890124,1033782.1647234985
2012-01,Clothes,4974.355224157919,543597.5388959774
2012-01,Cosmetics,5041.807860551604,2204278.396633161
2012-01,Fruits,5004.446352894372,46691.48447250449
2012-01,Household,5021.968355459125,3356030.7929026694
2012-01,Meat,5086.281565563182,2145851.3296954506
2012-01,Office Supplies,4986.506039144234,3247262.5977511164
2012-01,Personal Care,4974.555997003561,406570.46163510106
2012-01,Snacks,4971.653967307782,758574.9623318214
2012-01,Vegetables,4990.9301583647775,768902.7001976776
2012-02,Baby Food,4953.277140620139,1264472.5884575092
2012-02,Beverages,4992.44116714368,236891.3333809676
2012-02,Cereal,4977.103659777899,1023790.222816314
2012-02,Clothes,4967.044163077965,542798.58614116
2012-02,Cosmetics,5032.5041156994985,2200210.799383821
2012-02,Fruits,4981.182198982623,46474.42991650787
2012-02,Household,5011.9470611745,3349333.8625710825
2012-02,Meat,5005.725484668453,2111865.5247267736
2012-02,Office Supplies,5014.665107212276,3265600.0644677063
2012-02,Personal Care,4984.606253425288,407391.8690924488
2012-02,Snacks,5013.856417581136,765014.2121945298
2012-02,Vegetables,4960.082867623282,764150.3665860429
2012-03,Baby Food,4978.1777436551665,1270829.2144002907
2012-03,Beverages,5023.031232259757,238342.8319707255
2012-03,Cereal,4995.5659469120965,1027587.9152798183
2012-03,Clothes,4987.5260641440655,545036.8482896634
2012-03,Cosmetics,4989.560706561375,2181435.940908633
2012-03,Fruits,5035.409408671494,46980.369782905036
2012-03,Household,4998.986492003438,3340672.7030111374
2012-03,Meat,5027.660962544235,2121119.883487787
2012-03,Office Supplies,5018.703797528667,3268230.099988643
2012-03,Personal Care,5034.715755681913,411487.31871188275
2012-03,Snacks,4985.369183759309,760667.6300579953
2012-03,Vegetables,4974.569706944441,766382.2090518606
2012-04,Baby Food,5024.057888483165,1282541.4977719823
2012-04,Beverages,5002.865703096217,237385.9776119155
2012-04,Cereal,4994.965898120278,1027464.4852433413
2012-04,Clothes,5023.335974279052,548950.1552692148
2012-04,Cosmetics,4975.994139452844,2175504.637768783
2012-04,Fruits,4982.282194261821,46484.69287246279
2012-04,Household,4993.403989092837,3336942.08379107
2012-04,Meat,4982.0251830986035,2101866.6044974695
2012-04,Office Supplies,4978.201420521678,3241854.5470579225
2012-04,Personal Care,5006.371971234998,409170.7812090364
2012-04,Snacks,5042.4327628146275,769374.3909502558
2012-04,Vegetables,4994.264749203948,769416.4272623601
2012-05,Baby Food,5024.627015902221,1282686.7846195186
2012-05,Beverages,5008.772734159469,237666.26623586682
2012-05,Cereal,5005.160442821816,1029561.5030884476
2012-05,Clothes,4999.996912786904,546399.6626293529
2012-05,Cosmetics,4976.263961846209,2175622.6041191625
2012-05,Fruits,4963.307610408928,46307.66000511529
2012-05,Household,5009.84792651038,3347931.0738490913
2012-05,Meat,4999.832668319242,2109379.404437205
2012-05,Office Supplies,4966.603055115845,3234301.5755219893
2012-05,Personal Care,5017.848277401161,410108.7397119969
2012-05,Snacks,5011.669812463629,764680.5799857005
2012-05,Vegetables,5017.351621136788,772973.1907523335
2012-06,Baby Food,5027.013993204669,1283296.1321852878
2012-06,Beverages,5002.38155411205,237363.0047426168
2012-06,Cereal,5002.799172105402,1029075.7897020811
2012-06,Clothes,4966.38808741167,542726.8901923473
2012-06,Cosmetics,4998.249124189596,2185234.5170956915
2012-06,Fruits,4978.584648020236,46450.194766028806
2012-06,Household,4966.54764113561,3318994.7921416946
2012-06,Meat,4983.384920974114,2102440.2643097686
2012-06,Office Supplies,5006.513494313611,3260291.6526319664
2012-06,Personal Care,5034.025650123946,411430.91638463014
2012-06,Snacks,5020.467988669582,766023.0057112048
2012-06,Vegetables,5018.187469743099,773101.9615886218
2012-07,Baby Food,5013.575673857251,1279865.598022279
2012-07,Beverages,5014.231680882948,237925.2932578959
2012-07,Cereal,4972.898524741093,1022925.2265392427
2012-07,Clothes,5000.912661704978,546499.7356711201
2012-07,Cosmetics,4986.333488535479,2180025.0011877115
2012-07,Fruits,4920.138743649419,45904.89447824907
2012-07,Household,4989.939240411368,3334626.6961897044
2012-07,Meat,4965.794502534176,2095019.0426741436
2012-07,Office Supplies,5034.432386362822,3278472.7143233335
2012-07,Personal Care,4988.764021953505,407731.68351426
2012-07,Snacks,4997.560615796449,762527.7987582223
2012-07,Vegetables,5016.640736032507,772863.6717931682
2012-08,Baby Food,5001.9084679330035,1276887.193693937
2012-08,Beverages,4996.528819328427,237085.29247713383
2012-08,Cereal,5005.95909101803,1029725.7850224089
2012-08,Clothes,4988.198964526467,545110.3828434523
2012-08,Cosmetics,4981.856747578767,2178067.770041437
2012-08,Fruits,5040.794334008403,47030.611136298394
2012-08,Household,4985.92238310999,3331942.350960913
2012-08,Meat,4979.139784181974,2100649.283548533
2012-08,Office Supplies,4962.7114626704915,3231767.331605651
2012-08,Personal Care,5000.496215574449,408690.5556988998
2012-08,Snacks,4978.581807620992,759632.0122068109
2012-08,Vegetables,5044.46836952258,777150.7970086486
2012-09,Baby Food,4983.324162917934,1272142.9923096902
2012-09,Beverages,5015.570072608596,237988.79994527786
2012-09,Cereal,4979.501992599314,1024283.5598776788
2012-09,Clothes,4991.268928334228,545445.8684883644
2012-09,Cosmetics,5015.798562871825,2192907.131687562
2012-09,Fruits,4935.265243141309,46046.024718508415
2012-09,Household,4963.950498705434,3317259.1997698806
2012-09,Meat,5016.804745044432,2116539.7538867956
2012-09,Office Supplies,4981.864138758878,3244239.7458011694
2012-09,Personal Care,5008.510066468845,409345.52773249865
2012-09,Snacks,5010.533908865247,764507.2638146594
2012-09,Vegetables,4974.257460430606,766334.1043539393
2012-10,Baby Food,5011.79088839061,1279409.977988355
2012-10,Beverages,5016.845798528138,238049.33314016013
2012-10,Cereal,5010.545775174524,1030669.2659533996
2012-10,Clothes,4991.512629842583,545472.5001891975
2012-10,Cosmetics,5042.789519232701,2204707.577808537
2012-10,Fruits,4964.8138421149515,46321.713146932496
2012-10,Household,5011.035689764932,3348724.8203992113
2012-10,Meat,5030.622634290455,2122369.3831808
2012-10,Office Supplies,5054.823686442626,3291751.732848303
2012-10,Personal Care,5005.205313240958,409075.4302511835
2012-10,Snacks,5025.5221027544285,766794.1624382708
2012-10,Vegetables,4963.354778630122,764654.4371957567
2012-11,Baby Food,4994.8341450286225,1275081.2605429066
2012-11,Beverages,4986.58377202328,236613.39998250466
2012-11,Cereal,4985.899582466262,1025599.5441133102
2012-11,Clothes,5018.165999151133,548385.1803872358
2012-11,Cosmetics,5022.525603290715,2195848.1937587005
2012-11,Fruits,5013.382789677863,46774.86142769446
2012-11,Household,5007.96519585411,3346672.901433426
2012-11,Meat,5054.368289973794,2132387.437857044
2012-11,Office Supplies,4998.17013158617,3254858.37139023
2012-11,Personal Care,5014.430450725328,409829.400737781
2012-11,Snacks,5029.100169562689,767340.1038718751
2012-11,Vegetables,4997.776147646215,769957.393306376
2012-12,Baby Food,4948.933582575593,1263363.7649598971
2012-12,Beverages,4967.11789978847,235689.74434496288
2012-12,Cereal,4969.797383207981,1022287.3217258817
2012-12,Clothes,4998.260872899963,546209.948190508
2012-12,Cosmetics,4995.92628127753,2184218.970174536
2012-12,Fruits,4990.969941889247,46565.749557826675
2012-12,Household,5007.4450296499945,3346325.2899642014
2012-12,Meat,5029.9836359618375,2122099.7961759395
2012-12,Office Supplies,4969.335626170187,3236081.053118288
2012-12,Personal Care,5030.273243018979,411124.23215194116
2012-12,Snacks,4999.881944391547,762881.9870752624
2012-12,Vegetables,4990.593650788418,768850.8578404636
2013-01,Baby Food,4988.747620523587,1273527.4925672614
2013-01,Beverages,4995.403624505182,237031.90198277088
2013-01,Cereal,4985.262606421723,1025468.5181409484
2013-01,Clothes,5031.266091871444,549816.7585197114
2013-01,Cosmetics,4967.189289140424,2171655.157212193
2013-01,Fruits,5043.512322187211,47055.969966006676
2013-01,Household,4981.14227217128,3328747.946223901
2013-01,Meat,4991.670727032545,2105935.963027761
2013-01,Office Supplies,5013.739172392354,3264997.086453625
2013-01,Personal Care,4997.431241496388,408440.05536749976
2013-01,Snacks,4997.619403834849,762536.7686371213
2013-01,Vegetables,4977.809211782868,766881.2871672687
2013-02,Baby Food,4995.1288849471375,1275156.5017493053
2013-02,Beverages,5047.586655374371,239507.98679751388
2013-02,Cereal,4990.431637073543,1026531.7877460278
2013-02,Clothes,4975.207937276555,543690.7233855819
2013-02,Cosmetics,5032.872736368475,2200371.960340297
2013-02,Fruits,4994.440087558031,46598.12601691643
2013-02,Household,4985.4936996867455,3331655.8746896614
2013-02,Meat,5046.9054558490525,2129238.942768157
2013-02,Office Supplies,4977.78599495371,3241584.017773805
2013-02,Personal Care,4970.220187318082,406216.0959095069
2013-02,Snacks,4972.587894258891,758717.4609060214
2013-02,Vegetables,4938.289417784687,760792.8677039089
2013-03,Baby Food,5004.794377001328,1277623.908560899
2013-03,Beverages,4996.89740922815,237102.78206787573
2013-03,Cereal,5015.60236469229,1031709.4064172042
2013-03,Clothes,5009.77757036759,547468.4928897701
2013-03,Cosmetics,4999.7123142434075,2185874.223787218
2013-03,Fruits,5023.841442741818,46872.44066078116
2013-03,Household,5032.983322837707,3363391.765152755
2013-03,Meat,5076.908552541455,2141896.9492317145
2013-03,Office Supplies,4994.767410951808,3252642.4856859273
2013-03,Personal Care,5016.190606334374,409973.2582557084
2013-03,Snacks,4996.469954966309,762361.3857287595
2013-03,Vegetables,5011.926071214605,772137.330531322
2013-04,Baby Food,4978.929732127616,1271021.1820175378
2013-04,Beverages,5003.764078470591,237428.60552342955
2013-04,Cereal,4981.370989648545,1024668.0125707057
2013-04,Clothes,4991.707055999181,545493.7470795905
2013-04,Cosmetics,5007.101602689705,2189104.8206959385
2013-04,Fruits,5007.499082503592,46719.966439758515
2013-04,Household,4991.064917153535,3335378.952186193
2013-04,Meat,4976.78692906895,2099656.637504899
2013-04,Office Supplies,4992.95226869002,3251460.446893628
2013-04,Personal Care,4982.26124151163,407200.2112687456
2013-04,Snacks,5026.173522361054,766893.5560418497
2013-04,Vegetables,5030.974725274189,775071.9661757415
2013-05,Baby Food,4983.018727910195,1272065.0208609146
2013-05,Beverages,5005.8859326745705,237529.28750540834
2013-05,Cereal,5024.023167625489,1033441.5655805632
2013-05,Clothes,5000.616304976816,546467.3498078664
2013-05,Cosmetics,4995.530397062738,2184045.8895958294
2013-05,Fruits,5032.205349535661,46950.47591116772
2013-05,Household,5045.024439381145,3371438.4821052384
2013-05,Meat,4993.33815015012,2106639.4321668344
2013-05,Office Supplies,5019.615166107748,3268823.592321027
2013-05,Personal Care,5021.725592527524,410425.6326772745
2013-05,Snacks,5013.609750259241,764976.575694555
2013-05,Vegetables,5011.19294717711,772024.3854421056
2013-06,Baby Food,4973.923786715672,1269743.2642727764
2013-06,Beverages,4966.663064934451,235668.16243113967
2013-06,Cereal,5023.786257719712,1033392.8332129449
2013-06,Clothes,5005.930531573114,547048.0884903099
2013-06,Cosmetics,4987.313055545277,2180453.267884395
2013-06,Fruits,5003.589638311247,46683.49132544394
2013-06,Household,5005.033258123744,3344713.575406355
2013-06,Meat,4977.081853605611,2099781.063217671
2013-06,Office Supplies,5031.016700594018,3276248.385593831
2013-06,Personal Care,4975.445622646003,406643.1707388578
2013-06,Snacks,5005.740222809174,763775.8431962238
2013-06,Vegetables,4991.9680048289265,769062.5908239445
2013-07,Baby Food,5019.599031706379,1281403.2408140043
2013-07,Beverages,4989.148846900515,236735.11278542943
2013-07,Cereal,4988.326575554389,1026098.7765915378
2013-07,Clothes,5002.76067747012,546701.6868339347
2013-07,Cosmetics,4968.460477892168,2172210.920934456
2013-07,Fruits,5013.923972264377,46779.91066122664
2013-07,Household,5006.7055296720355,3345831.104313931
2013-07,Meat,5014.240696951879,2115458.0076370286
2013-07,Office Supplies,5007.924016211256,3261210.1985969315
2013-07,Personal Care,5002.687173980734,408869.62272944534
2013-07,Snacks,5024.685328648269,766666.4874451528
2013-07,Vegetables,5003.252112914604,770801.020515624
2013-08,Baby Food,4936.764352863498,1260257.2039989938
2013-08,Beverages,5019.725435477291,238185.97191339746
2013-08,Cereal,5005.01486438001,1029531.5576029681
2013-08,Clothes,4993.600625768096,545700.6763839375
2013-08,Cosmetics,5046.12547206577,2206166.056387155
2013-08,Fruits,4976.2317963467885,46428.24265991554
2013-08,Household,4969.4848113601765,3320957.6148876655
2013-08,Meat,4971.358340433987,2097366.3702456946
2013-08,Office Supplies,5015.02591871625,3265835.028527209
2013-08,Personal Care,4978.386183144279,406883.5027483819
2013-08,Snacks,5011.476533154819,764651.0894287623
2013-08,Vegetables,4990.864984453766,768892.6595049473
2013-09,Baby Food,4992.781511859445,1274557.2643474792
2013-09,Beverages,5006.8959537354385,237577.21300474656
2013-09,Cereal,4998.931196822548,1028280.1471863982
2013-09,Clothes,5046.779746254068,551512.0906706445
2013-09,Cosmetics,4980.669238873545,2177548.591235514
2013-09,Fruits,5021.388903759117,46849.55847207257
2013-09,Household,5005.222015867974,3344839.7165440912
2013-09,Meat,4999.973479206482,2109438.8111424227
2013-09,Office Supplies,5019.147063690977,3268518.7593462006
2013-09,Personal Care,4968.249664152678,406055.0450511984
2013-09,Snacks,5017.659266664103,765594.4509076088
2013-09,Vegetables,5004.279071530931,770959.2337600552
2013-10,Baby Food,5042.516642762417,1287253.64856439
2013-10,Beverages,5006.492605600154,237558.07413572728
2013-10,Cereal,4969.337839811987,1022192.7936493258
2013-10,Clothes,5007.333349344274,547201.3884163423
2013-10,Cosmetics,5030.747820281654,2199442.9470271394
2013-10,Fruits,5039.521965958628,47018.739942394
2013-10,Household,4971.977822398716,3322623.61937439
2013-10,Meat,4978.090148574836,2100206.4527822374
2013-10,Office Supplies,5010.098140650961,3262626.010173312
2013-10,Personal Care,5020.266673464434,410306.3952222482
2013-10,Snacks,5014.928640520284,765177.8119705848
2013-10,Vegetables,4978.519706948698,766990.7460525163
2013-11,Baby Food,4971.430288751208,1269106.7241124082
2013-11,Beverages,5049.317957185095,239590.13706843276
2013-11,Cereal,4971.278724702607,1022592.0336713264
2013-11,Clothes,5009.491541393203,547437.2356434492
2013-11,Cosmetics,5001.611485688714,2186704.5415431056
2013-11,Fruits,5007.510201507615,46720.07018006605
2013-11,Household,4957.678723495388,3313067.960550263
2013-11,Meat,5002.459873215778,2110487.7959110048
2013-11,Office Supplies,4988.211319593917,3248373.0934327547
2013-11,Personal Care,4976.435513104971,406724.0744860692
2013-11,Snacks,4997.581713752516,762531.0178843589
2013-11,Vegetables,4989.298255417228,768651.2892295781
2013-12,Baby Food,4980.426433226629,1271403.259874094
2013-12,Beverages,4978.707147832298,236239.65416464253
2013-12,Cereal,4977.142552247359,1023798.2229972818
2013-12,Clothes,4985.580403795734,544824.2265267977
2013-12,Cosmetics,5001.799662844534,2186786.81259563
2013-12,Fruits,5000.9171102182545,46658.55663833631
2013-12,Household,5040.164472896555,3368190.712302581
2013-12,Meat,4983.045347365278,2102297.001599937
2013-12,Office Supplies,4998.74892215835,3255235.2855987386
2013-12,Personal Care,4987.322968980064,407613.9062547406
2013-12,Snacks,4989.658662235957,761322.1186839624
2013-12,Vegetables,4988.944900062557,768596.8513036375
2014-01,Baby Food,4987.788264784352,1273282.5882341492
2014-01,Beverages,5015.7319168917265,237996.4794565124
2014-01,Cereal,4946.114541749134,1017415.7612377969
2014-01,Clothes,4988.18020776606,545108.333104675
2014-01,Cosmetics,4977.046211698081,2175964.6037544007
2014-01,Fruits,4993.37935250368,46588.22935885933
2014-01,Household,5068.294905193796,3386989.436293858
2014-01,Meat,5013.301570182544,2115061.799444313
2014-01,Office Supplies,4998.742537226805,3255231.1276674676
2014-01,Personal Care,4964.405662013259,405740.87475634366
2014-01,Snacks,5009.339312416603,764324.9922885254
2014-01,Vegetables,5020.394379913696,773441.9581695041
2014-02,Baby Food,4993.20097530832,1274664.344976708
2014-02,Beverages,4941.337598171747,234466.46903324942
2014-02,Cereal,4997.910597555598,1028070.2099171863
2014-02,Clothes,4979.845207851969,544197.4843140631
2014-02,Cosmetics,5049.623746298201,2207695.5018815733
2014-02,Fruits,4996.140908487101,46613.99467618465
2014-02,Household,5002.383645348222,3342942.918676856
2014-02,Meat,4974.958017223848,2098885.0378865693
2014-02,Office Supplies,5017.5911350652905,3267505.523065868
2014-02,Personal Care,5029.232060388836,411039.1362955796
2014-02,Snacks,5002.8551334437825,763335.6362608523
2014-02,Vegetables,4968.946903322627,765515.9599258839
2014-03,Baby Food,5014.1942858629145,1280023.5172950847
2014-03,Beverages,4995.790767895288,237050.27193663138
2014-03,Cereal,5011.509278811453,1030867.458651516
2014-03,Clothes,5038.992806825453,550661.1339298856
2014-03,Cosmetics,4955.204814813736,2166415.5450365655
2014-03,Fruits,4996.368972898043,46616.12251713874
2014-03,Household,5036.804714520565,3365945.4865726577
2014-03,Meat,5014.733855168937,2115666.0661572227
2014-03,Office Supplies,5016.621922871866,3266874.3623933885
2014-03,Personal Care,5006.113951738071,409149.69327555253
2014-03,Snacks,5007.643729935617,764066.2803135765
2014-03,Vegetables,5008.9251576314755,771675.009784705
2014-04,Baby Food,4998.609524078481,1276045.0393067545
2014-04,Beverages,5014.4511046734115,237935.70491675337
2014-04,Cereal,4980.621959012502,1024513.9369688716
2014-04,Clothes,5021.882120056981,548791.2780798269
2014-04,Cosmetics,5000.419497273427,2186183.4042079425
2014-04,Fruits,5020.94676397825,46845.43330791707
2014-04,Household,5033.909993693209,3364011.031485361
2014-04,Meat,4962.435584554045,2093601.9487675058
2014-04,Office Supplies,5014.713209437388,3265631.389117722
2014-04,Personal Care,4996.746400349883,408384.08330059587
2014-04,Snacks,5018.741375280119,765759.5590402406
2014-04,Vegetables,4993.119870463137,769240.0472435509
2014-05,Baby Food,5011.460604474144,1279325.6631101596
2014-05,Beverages,4970.512404811863,235850.81360832287
2014-05,Cereal,5036.280584633077,1035962.9162590237
2014-05,Clothes,5004.542926543022,546896.4510126214
2014-05,Cosmetics,4998.285739070335,2185250.5251215505
2014-05,Fruits,5000.995344586505,46659.2865649921
2014-05,Household,5017.528795819569,3353063.9683823436
2014-05,Meat,5046.568674881079,2129096.858245578
2014-05,Office Supplies,5030.818906075464,3276119.579825403
2014-05,Personal Care,5040.8612361948435,411989.5888342046
2014-05,Snacks,5022.722160515444,766366.9472514464
2014-05,Vegetables,4980.78190050919,767339.2595924458
2014-06,Baby Food,5003.019843852056,1277170.9057385526
2014-06,Beverages,4982.987837995472,236442.7729128851
2014-06,Cereal,4978.003662307662,1023975.353336686
2014-06,Clothes,4995.619741762205,545921.3253797737
2014-06,Cosmetics,4997.142196290492,2184750.5682182033
2014-06,Fruits,4984.5377870850925,46505.73755350392
2014-06,Household,5017.965051774454,3353355.505149314
2014-06,Meat,5010.8195452780055,2114014.657957338
2014-06,Office Supplies,4966.377598832688,3234154.7561358344
2014-06,Personal Care,4985.596428998769,407472.7961420694
2014-06,Snacks,5013.654519042875,764983.406515562
2014-06,Vegetables,5017.342631290056,772971.805776546
2014-07,Baby Food,4985.037714466165,1272580.4277489225
2014-07,Beverages,5021.230845163868,238257.40360302557
2014-07,Cereal,4981.9037613298115,1024777.6037055423
2014-07,Clothes,5005.304392891348,546979.6640551664
2014-07,Cosmetics,5022.462878792412,2195820.7706080424
2014-07,Fruits,4987.692253483367,46535.16872499982
2014-07,Household,5012.780111501893,3349890.56511337
2014-07,Meat,4996.447307309461,2107951.154480789
2014-07,Office Supplies,4955.068399043713,3226790.092141256
2014-07,Personal Care,4998.449818178316,408523.3036397137
2014-07,Snacks,5009.956440539094,764419.153697455
2014-07,Vegetables,4996.117700797753,769701.8929849018
2014-08,Baby Food,4956.627818432205,1265327.949489373
2014-08,Beverages,5001.234032098331,237308.55482306582
2014-08,Cereal,4992.3302689078655,1026922.3363143478
2014-08,Clothes,4989.905527545439,545296.8760501655
2014-08,Cosmetics,4988.243756387405,2180860.170292573
2014-08,Fruits,5064.972947101639,47256.19759645829
2014-08,Household,5008.680343150174,3347150.8129169666
2014-08,Meat,5023.483739143557,2119357.5547072752
2014-08,Office Supplies,4996.091864694556,3253504.9832077418
2014-08,Personal Care,4995.545231133047,408285.911740504
2014-08,Snacks,4996.619608108804,762384.2198052413
2014-08,Vegetables,4997.289244491142,769882.3810063053
2014-09,Baby Food,5002.6943287066315,1277087.808232229
2014-09,Beverages,5005.905873985883,237530.23372063015
2014-09,Cereal,4990.84064355418,1026615.9203790948
2014-09,Clothes,5049.09134534599,551764.7022194098
2014-09,Cosmetics,5016.89312652963,2193385.674918754
2014-09,Fruits,4985.933917836293,46518.76345341263
2014-09,Household,5031.222417975933,3362215.0052607767
2014-09,Meat,5021.917027905477,2118696.5749030416
2014-09,Office Supplies,5017.091896724948,3267180.414066253
2014-09,Personal Care,4996.705984034926,408380.7800751744
2014-09,Snacks,4958.492828522189,756566.8357759155
2014-09,Vegetables,4951.945278074166,762896.6895401059
2014-10,Baby Food,4969.04788933319,1268498.545188977
2014-10,Beverages,4968.203683338539,235741.26477441366
2014-10,Cereal,4998.684481270149,1028229.3977972699
2014-10,Clothes,5006.322587477732,547090.9323595666
2014-10,Cosmetics,5015.58220844419,2192812.5415318
2014-10,Fruits,4999.448547494741,46644.85494812594
2014-10,Household,4991.736538029474,3335827.7762689567
2014-10,Meat,5024.139628081124,2119634.267691145
2014-10,Office Supplies,4989.970066408506,3249518.406945883
2014-10,Personal Care,5022.319218595871,410474.1497358405
2014-10,Snacks,4973.067753381707,758790.6778109808
2014-10,Vegetables,5025.375641053736,774209.3712607387
2014-11,Baby Food,5018.606351686803,1281149.829458607
2014-11,Beverages,5000.24051283765,237261.4123341465
2014-11,Cereal,4988.872880508243,1026211.1515205455
2014-11,Clothes,5048.423516605262,551691.7218946231
2014-11,Cosmetics,4965.844612053104,2171067.2643896174
2014-11,Fruits,5013.63811486555,46777.24361169558
2014-11,Household,4983.484245391405,3330313.0166677143
2014-11,Meat,4988.19172544622,2104468.2070485055
2014-11,Office Supplies,4979.720366289059,3242843.6997310985
2014-11,Personal Care,4989.35917429645,407780.3253152489
2014-11,Snacks,5027.782306081263,767139.0242618792
2014-11,Vegetables,4941.310521621855,761258.298961063
2014-12,Baby Food,5054.042983471824,1290196.0928206875
2014-12,Beverages,5026.14983704464,238490.80976776817
2014-12,Cereal,5014.777434848359,1031539.7183483074
2014-12,Clothes,5007.8624683401285,547259.2105402093
2014-12,Cosmetics,4972.773747022588,2174096.682198276
2014-12,Fruits,4980.402701289899,46467.15720303475
2014-12,Household,4997.232569355989,3339500.6091235266
2014-12,Meat,5002.817126120947,2110638.5173391663
2014-12,Office Supplies,4998.5609415726885,3255112.8707615505
2014-12,Personal Care,5018.6290050193575,410172.54858023213
2014-12,Snacks,5014.538520856595,765118.2875122993
2014-12,Vegetables,4992.474486120153,769140.6193316708
2015-01,Baby Food,5039.489052087664,1286480.765216939
2015-01,Beverages,4984.3073268150465,236505.38265737396
2015-01,Cereal,5008.405648204044,1030229.041835572
2015-01,Clothes,4997.6092198591205,546138.7355462047
2015-01,Cosmetics,5002.405685219287,2187051.7655778723
2015-01,Fruits,4981.765653787044,46479.87354983312
2015-01,Household,4992.494480036235,3336334.2861738144
2015-01,Meat,4967.750879415329,2095844.4185165334
2015-01,Office Supplies,5011.4314492822705,3263494.2740871073
2015-01,Personal Care,5001.052334727973,408736.0073173173
2015-01,Snacks,4978.93619516083,759686.0846576394
2015-01,Vegetables,4991.0368963537385,768919.1442522571
2015-02,Baby Food,5041.382299391264,1286964.0733886017
2015-02,Beverages,4988.529904248015,236705.74395656827
2015-02,Cereal,5038.770562430694,1036475.1046919938
2015-02,Clothes,4997.427246721556,546118.8495217316
2015-02,Cosmetics,4997.827387870031,2185050.133976778
2015-02,Fruits,4956.446593529649,46243.64671763163
2015-02,Household,5018.417416903343,3353657.8071939973
2015-02,Meat,5019.546467868018,2117696.459328838
2015-02,Office Supplies,4978.3689265557105,3241963.628662344
2015-02,Personal Care,5011.1091102393975,409557.9475798659
2015-02,Snacks,5001.4795059076705,763125.7430113923
2015-02,Vegetables,4999.2924260037835,770190.9911501429
2015-03,Baby Food,5054.408811944073,1290289.481513083
2015-03,Beverages,4977.318150825021,236173.74625664725
2015-03,Cereal,4996.158727515981,1027709.8502500373
2015-03,Clothes,4977.09571228061,543897.0194380251
2015-03,Cosmetics,5043.342775390835,2204949.4614008735
2015-03,Fruits,4947.294068991415,46158.2536636899
2015-03,Household,4979.760279568929,3327824.4020275283
2015-03,Meat,4988.640701373544,2104657.625502485
2015-03,Office Supplies,5020.536354117429,3269423.4791648113
2015-03,Personal Care,5012.122086179706,409640.7381034673
2015-03,Snacks,5008.01583647701,764123.0563296622
2015-03,Vegetables,5010.211796426435,771873.2293574566
2015-04,Baby Food,4966.1542870966505,1267759.8664100328
2015-04,Beverages,4993.583574355631,236945.5406031747
2015-04,Cereal,4994.978002573472,1027466.9751293631
2015-04,Clothes,4970.878625532837,543217.6161982284
2015-04,Cosmetics,5021.768150523808,2195517.035409009
2015-04,Fruits,4972.227136628671,46390.87918474551
2015-04,Household,4981.433610660347,3328942.63899599
2015-04,Meat,4958.44163169336,2091916.9399951114
2015-04,Office Supplies,4983.0841228243025,3245034.211624414
2015-04,Personal Care,5029.031240276575,411022.7232678045
2015-04,Snacks,5029.61985912013,767419.3981045495
2015-04,Vegetables,4997.236311208354,769874.2261047591
2015-05,Baby Food,5005.630339928139,1277837.3131768552
2015-05,Beverages,5024.170348451282,238396.88303401333
2015-05,Cereal,5029.607008295661,1034590.1616064176
2015-05,Clothes,4989.452367225379,545247.3546903894
2015-05,Cosmetics,4994.74293354572,2183701.610546189
2015-05,Fruits,5004.246543629293,46689.62025206131
2015-05,Household,4996.390489016384,3338937.8720949795
2015-05,Meat,5032.779334061164,2123279.2732470646
2015-05,Office Supplies,5004.008762862036,3258660.5464633857
2015-05,Personal Care,5044.7292289278375,412305.71988027217
2015-05,Snacks,5015.736798868131,765301.1207712993
2015-05,Vegetables,4973.979916603606,766291.3459519516
2015-06,Baby Food,4990.046011566941,1273858.9458328087
2015-06,Beverages,5013.369260566042,237884.3714138587
2015-06,Cereal,4981.425291576993,1024679.1824773874
2015-06,Clothes,4968.500885471834,542957.7767643621
2015-06,Cosmetics,5050.991125423513,2208293.32003516
2015-06,Fruits,5035.005520497801,46976.601506244486
2015-06,Household,5015.006785789279,3351378.5847394015
2015-06,Meat,4976.051880301709,2099346.527780488
2015-06,Office Supplies,5041.708570842453,3283211.038418314
2015-06,Personal Care,5017.159888689973,410052.47770263144
2015-06,Snacks,4979.391390649547,759755.5383853079
2015-06,Vegetables,4994.1107851693505,769392.7075631901
2015-07,Baby Food,4991.061706528624,1274118.2324426272
2015-07,Beverages,5001.490831357025,237320.73994789083
2015-07,Cereal,4996.497960477331,1027779.630470187
2015-07,Clothes,4984.129003140353,544665.6174631778
2015-07,Cosmetics,4972.724885162466,2174075.3197930306
2015-07,Fruits,4960.144547689448,46278.148629942545
2015-07,Household,4945.073946604594,3304644.5662974524
2015-07,Meat,5053.703056353785,2132106.7824450983
2015-07,Office Supplies,4993.614763672751,3251891.8702513324
2015-07,Personal Care,5036.6213136705655,411643.0599662954
2015-07,Snacks,5033.677102327243,768038.4522730908
2015-07,Vegetables,5015.63182115872,772708.2383677125
2015-08,Baby Food,5004.582773431394,1277569.8904015664
2015-08,Beverages,5053.033097387935,239766.42047105756
2015-08,Cereal,5019.614110749233,1032534.6225811173
2015-08,Clothes,4982.117830932096,544445.8365642594
2015-08,Cosmetics,4949.152184607693,2163769.335110483
2015-08,Fruits,5009.116725977725,46735.05905337217
2015-08,Household,5005.684883053223,3345149.036797977
2015-08,Meat,4966.149283686965,2095168.7212946936
2015-08,Office Supplies,5041.211495770129,3282887.3381604655
2015-08,Personal Care,4988.0084788808945,407669.93297893554
2015-08,Snacks,4997.058231965081,762451.1450332322
2015-08,Vegetables,4996.450189255808,769753.1161567499
2015-09,Baby Food,5020.101632239694,1281531.5446781488
2015-09,Beverages,4974.114218959555,236021.7196896309
2015-09,Cereal,5027.95920653761,1034251.2087847863
2015-09,Clothes,4991.0670093223425,545423.8027787455
2015-09,Cosmetics,4908.724789934215,2146094.4781592386
2015-09,Fruits,5007.488586629095,46719.86851324946
2015-09,Household,4970.655145342558,3321739.7139780717
2015-09,Meat,4976.120399989695,2099375.4355516527
2015-09,Office Supplies,5028.450667293589,3274577.359048258
2015-09,Personal Care,5002.353408673725,408842.3440909035
2015-09,Snacks,4983.629883830825,760402.2476749071
2015-09,Vegetables,5039.331703045642,776359.4421712116
2015-10,Baby Food,4972.824136759009,1269462.54563184
2015-10,Beverages,4979.667964561024,236285.24491842056
2015-10,Cereal,4954.882130107967,1019219.2541632088
2015-10,Clothes,4982.5978032333005,544498.2879373351
2015-10,Cosmetics,4978.540097593595,2176617.7306679203
2015-10,Fruits,4971.366840961492,46382.85262617072
2015-10,Household,5016.428584477778,3352328.7301489646
2015-10,Meat,5002.989887487845,2110711.4036322474
2015-10,Office Supplies,5017.974533000191,3267755.1956350543
2015-10,Personal Care,5035.228445228521,411529.220828527
2015-10,Snacks,5022.759626513263,766372.6638133937
2015-10,Vegetables,4998.649242205978,770091.902254253
2015-11,Baby Food,5012.397704196949,1279564.885927397
2015-11,Beverages,5001.174894011581,237305.74872084951
2015-11,Cereal,5008.471104148917,1030242.5061234324
2015-11,Clothes,5020.024144565757,548588.2385181459
2015-11,Cosmetics,4972.074318694844,2173790.892133386
2015-11,Fruits,4985.268932168765,46512.55913713458
2015-11,Household,5036.051928491075,3365442.422252731
2015-11,Meat,5018.807043976081,2117384.503783069
2015-11,Office Supplies,4989.291076282055,3249076.241785637
2015-11,Personal Care,5029.424945281354,411054.90077784506
2015-11,Snacks,4978.787065231412,759663.3304130088
2015-11,Vegetables,4995.231233210732,769565.3237884454
2015-12,Baby Food,5010.231627479477,1279011.929862961
2015-12,Beverages,4968.358815822544,235748.62581077972
2015-12,Cereal,4967.336724783748,1021781.164288017
2015-12,Clothes,4993.944649598806,545738.2713081575
2015-12,Cosmetics,5002.236494056976,2186977.79520171
2015-12,Fruits,5004.787153044737,46694.6641379074
2015-12,Household,4989.012560449247,3334007.423771418
2015-12,Meat,4985.435125721768,2103305.225190757
2015-12,Office Supplies,5033.485589112919,3277856.1504862243
2015-12,Personal Care,5006.680967593523,409196.0354814186
2015-12,Snacks,4971.179461844434,758502.5622882236
2015-12,Vegetables,5035.403899751963,775754.3247957873
2016-01,Baby Food,4990.144339939237,1273884.0470996883
2016-01,Beverages,4963.591321791619,235522.40821901232
2016-01,Cereal,5022.908474703967,1033212.2732466061
2016-01,Clothes,4986.173928082061,544889.0868608077
2016-01,Cosmetics,4972.15593183459,2173826.573398083
2016-01,Fruits,4970.402511229782,46373.855429773874
2016-01,Household,4977.947347162195,3326612.87368808
2016-01,Meat,5017.934531441047,2117016.3994696634
2016-01,Office Supplies,5004.019155677854,3258667.3143689744
2016-01,Personal Care,4999.880875288082,408640.26393729495
2016-01,Snacks,4988.712287007158,761177.7207515521
2016-01,Vegetables,4977.532276380675,766838.6224992069
2016-02,Baby Food,5022.989394045903,1282268.7325120382
2016-02,Beverages,4973.6066269277535,235997.63444772188
2016-02,Cereal,4979.078585882863,1024196.4651161049
2016-02,Clothes,5046.350806434027,551465.2161271103
2016-02,Cosmetics,4977.171338574601,2176019.3092248156
2016-02,Fruits,4992.567694679725,46580.65659136183
2016-02,Household,4980.836819793696,3328543.821563533
2016-02,Meat,4980.630098204825,2101278.0321316333
2016-02,Office Supplies,5017.711056248373,3267583.616939503
2016-02,Personal Care,4958.150867752788,405229.6704214354
2016-02,Snacks,4999.3173024171465,762795.8340028082
2016-02,Vegetables,5010.8955801080165,771978.5730714409
2016-03,Baby Food,4981.631678267445,1271710.9348281133
2016-03,Beverages,4999.217381869096,237212.86476968863
2016-03,Cereal,4995.680872951551,1027611.555566134
2016-03,Clothes,4990.326928469298,545342.926743125
2016-03,Cosmetics,5028.839305746074,2198608.5444721836
2016-03,Fruits,5019.917392352583,46835.8292706496
2016-03,Household,5001.223654557116,3342167.7316308836
2016-03,Meat,5018.1135129506665,2117091.9099787567
2016-03,Office Supplies,5024.880160565156,3272252.2093616347
2016-03,Personal Care,4983.422598237692,407295.12895396654
2016-03,Snacks,5011.218148650338,764611.6651210685
2016-03,Vegetables,5012.484568051691,772223.3725540435
2016-04,Baby Food,5013.532136578812,1279854.4838258391
2016-04,Beverages,5043.826805343486,239329.5819135484
2016-04,Cereal,4985.190134593856,1025453.6106859562
2016-04,Clothes,4973.805888315722,543537.5074751421
2016-04,Cosmetics,4984.006519026857,2179007.650118542
2016-04,Fruits,4987.066658829283,46529.33192687721
2016-04,Household,4996.113017670458,3338752.446318637
2016-04,Meat,5041.77148919486,2127072.9735764195
2016-04,Office Supplies,5017.926489108067,3267723.9089720636
2016-04,Personal Care,4991.720113200112,407973.2848518451
2016-04,Snacks,5012.795867566127,764852.3934732397
2016-04,Vegetables,4972.449656030963,766055.5940081301
2016-05,Baby Food,4981.706700535319,1271730.0865126564
2016-05,Beverages,5025.1157064806175,238441.74027250533
2016-05,Cereal,5018.342109887573,1032272.9720038739
2016-05,Clothes,4940.100375161356,539854.168997633
2016-05,Cosmetics,5000.480644748489,2186210.1378840394
2016-05,Fruits,5060.063888046411,47210.39607547302
2016-05,Household,4984.601450377528,3331059.6112437905
2016-05,Meat,4979.348464959916,2100737.323881939
2016-05,Office Supplies,4937.46236266652,3215324.865192064
2016-05,Personal Care,4992.217894925074,408013.96855222626
2016-05,Snacks,5046.498959242515,769994.8112012229
2016-05,Vegetables,5013.022367830634,772306.2259879875
2016-06,Baby Food,4996.494481566567,1275505.1112543133
2016-06,Beverages,4980.039186874871,236302.8594172126
2016-06,Cereal,4945.708928811051,1017332.3266564332
2016-06,Clothes,4954.130552698192,541387.3867988585
2016-06,Cosmetics,4998.5601683997065,2185370.505624352
2016-06,Fruits,5012.802453167642,46769.446888054095
2016-06,Household,5081.530086274505,3395834.110754664
2016-06,Meat,5004.98766684314,2111554.246764452
2016-06,Office Supplies,4974.479894167417,3239431.051880764
2016-06,Personal Care,5011.646631586774,409601.87919958704
2016-06,Snacks,5019.7275408865835,765910.028188475
2016-06,Vegetables,5021.7793351961645,773655.3243803212
2016-07,Baby Food,5006.17631242846,1277976.6890367374
2016-07,Beverages,4983.657957396688,236474.57007847287
2016-07,Cereal,4945.730035356271,1017336.6682727851
2016-07,Clothes,4970.334015175129,543158.1011783382
2016-07,Cosmetics,5020.762808937588,2195077.5000675134
2016-07,Fruits,5018.37236984449,46821.4142106491
2016-07,Household,5043.7037326335585,3370555.893407028
2016-07,Meat,4997.946299620174,2108583.564346755
2016-07,Office Supplies,4989.360260324314,3249121.295125797
2016-07,Personal Care,4970.61808333292,406248.6159507995
2016-07,Snacks,5006.7935089271905,763936.5535921108
2016-07,Vegetables,4985.587242554206,768079.5705879009
2016-08,Baby Food,5002.596797084565,1277062.910359748
2016-08,Beverages,5027.737617357695,238566.14994362261
2016-08,Cereal,5009.222606465771,1030397.0901500089
2016-08,Clothes,4955.685553588818,541557.317296186
2016-08,Cosmetics,4999.529413237082,2185794.259467252
2016-08,Fruits,5062.686451348789,47234.864591084195
2016-08,Household,4999.05778289518,3340720.344575362
2016-08,Meat,5028.055464780004,2121286.320036036
2016-08,Office Supplies,5019.6663160720145,3268856.9016892565
2016-08,Personal Care,5001.425522304005,408766.50793790637
2016-08,Snacks,4993.4566343297565,761901.6132660343
2016-08,Vegetables,5007.474019374323,771451.4474248083
2016-09,Baby Food,4977.788951980685,1270729.9636616292
2016-09,Beverages,5025.951466904672,238481.39710462667
2016-09,Cereal,5002.756425268833,1029066.9966777988
2016-09,Clothes,5002.781353895005,546703.9463536461
2016-09,Cosmetics,5005.627760305816,2188460.4568057028
2016-09,Fruits,4986.062783250114,46519.96576772357
2016-09,Household,4991.705409318068,3335806.9738849853
2016-09,Meat,4992.830627775268,2106425.313552108
2016-09,Office Supplies,5019.876172898254,3268993.562553072
2016-09,Personal Care,4970.262007064838,406219.51383740926
2016-09,Snacks,4965.90580663161,757697.907975851
2016-09,Vegetables,5002.974418887462,770758.2389738023
2016-10,Baby Food,5000.901696853211,1276630.1851726875
2016-10,Beverages,5015.416088510869,237981.49339984066
2016-10,Cereal,4981.892141161531,1024775.2134369271
2016-10,Clothes,4997.221558033411,546096.3718618912
2016-10,Cosmetics,5039.034791813928,2203066.0109810494
2016-10,Fruits,5005.624717994119,46702.47861888513
2016-10,Household,5037.022934976796,3366091.3167569432
2016-10,Meat,5013.585003692425,2115181.377207797
2016-10,Office Supplies,5034.363520723663,3278427.868330457
2016-10,Personal Care,4991.706214822539,407972.1489374461
2016-10,Snacks,4977.619731567623,759485.2186425878
2016-10,Vegetables,4987.153828481507,768320.918815861
2016-11,Baby Food,4954.331433887029,1264741.7284426808
2016-11,Beverages,5000.400046713037,237268.98221653362
2016-11,Cereal,4972.975625212441,1022941.0861061991
2016-11,Clothes,5014.105876322078,547941.4901644767
2016-11,Cosmetics,4980.591093529995,2177514.426091314
2016-11,Fruits,4962.360456730654,46298.82306129699
2016-11,Household,4990.63014180336,3335088.4048629315
2016-11,Meat,5009.277098940562,2113363.9152720333
2016-11,Office Supplies,5005.322536011106,3259516.0886757923
2016-11,Personal Care,4957.984470844454,405216.0708021173
2016-11,Snacks,4966.852289608121,757842.3223484072
2016-11,Vegetables,4996.542763600112,769767.3781602334
2016-12,Baby Food,4972.697739015258,1269430.278815815
2016-12,Beverages,5022.621809706909,238323.4048705928
2016-12,Cereal,4994.3022400148075,1027327.9707710459
2016-12,Clothes,5048.722470022674,551724.3915240779
2016-12,Cosmetics,5001.925516613509,2186841.835863426
2016-12,Fruits,4976.104693627125,46427.05679154108
2016-12,Household,4972.100482203174,3322705.589241915
2016-12,Meat,5020.49245038504,2118095.5598929445
2016-12,Office Supplies,4995.922848223483,3253394.9179916144
2016-12,Personal Care,4993.925159168392,408153.5032588327
2016-12,Snacks,4955.885204693073,756168.9645320692
2016-12,Vegetables,5020.356810432029,773436.1702151585
2017-01,Baby Food,4949.205432154211,1263433.162720327
2017-01,Beverages,4986.321331436431,236600.9471766587
2017-01,Cereal,4980.903504490799,1024571.8508737573
2017-01,Clothes,5009.1306714721095,547397.7997784722
2017-01,Cosmetics,4988.600278029329,2181016.0415544226
2017-01,Fruits,5008.274101708,46727.19736893564
2017-01,Household,4955.898981838043,3311878.6125929086
2017-01,Meat,4996.191329758097,2107843.1601116434
2017-01,Office Supplies,4989.688856309387,3249335.2801172365
2017-01,Personal Care,5008.717873529363,409362.51180355484
2017-01,Snacks,5031.454679999899,767699.3550743847
2017-01,Vegetables,4977.658992426338,766858.1443732018
2017-02,Baby Food,4989.158408263093,1273632.3584614026
2017-02,Beverages,4999.39597673617,237221.3390961313
2017-02,Cereal,5028.09364257308,1034278.8622772825
2017-02,Clothes,4967.930523357964,542895.4475925585
2017-02,Cosmetics,4977.588467186771,2176201.677854056
2017-02,Fruits,5026.121524101126,46893.71381986351
2017-02,Household,4976.403681375025,3325581.2881524884
2017-02,Meat,4965.400825346352,2094852.9542053724
2017-02,Office Supplies,4972.425667371085,3238093.3188487245
2017-02,Personal Care,5033.595078922619,411395.7258003457
2017-02,Snacks,5026.688208842801,766972.0869052346
2017-02,Vegetables,4988.090860029932,768465.2778962112
2017-03,Baby Food,5004.293957532398,1277496.1614788705
2017-03,Beverages,5005.697188433525,237520.3315911708
2017-03,Cereal,4957.995195753165,1019859.6117664261
2017-03,Clothes,5052.476393556138,552134.6202878148
2017-03,Cosmetics,5038.877531359349,2202997.256710307
2017-03,Fruits,5019.348703726424,46830.52340576753
2017-03,Household,4998.990927128104,3340675.6668718983
2017-03,Meat,5008.673606227536,2113109.307731335
2017-03,Office Supplies,5002.189696520498,3257475.952271113
2017-03,Personal Care,5022.427429363495,410482.9938018785
2017-03,Snacks,4983.108747601546,760322.7327090439
2017-03,Vegetables,5000.697373689558,770407.4373906133
2017-04,Baby Food,5032.6936115341105,1284746.0251524276
2017-04,Beverages,5033.77717437201,238852.72692395188
2017-04,Cereal,4986.355054077713,1025693.2346237856
2017-04,Clothes,5033.726447195304,550085.6261495028
2017-04,Cosmetics,5012.001516972397,2191247.0632203324
2017-04,Fruits,5013.409999332471,46775.11529377195
2017-04,Household,4950.645383383655,3308367.7903537955
2017-04,Meat,4988.5692202130085,2104627.4683156665
2017-04,Office Supplies,4947.763531241558,3222033.0891798153
2017-04,Personal Care,4980.433891252158,407050.8619320388
2017-04,Snacks,5039.404773885448,768912.3803994416
2017-04,Vegetables,5003.48456235222,770836.8316759829
2017-05,Baby Food,5005.028911866234,1277683.7806212122
2017-05,Beverages,5000.134666100582,237256.3899064726
2017-05,Cereal,4975.955474832548,1023554.0411730552
2017-05,Clothes,4997.25646363988,546100.1863465662
2017-05,Cosmetics,4993.2634566714,2183054.7832567357
2017-05,Fruits,4977.766923727366,46442.565398376326
2017-05,Household,5015.6819583932775,3351829.7823354756
2017-05,Meat,4989.283824494736,2104928.952716084
2017-05,Office Supplies,5008.244075432812,3261418.6243626014
2017-05,Personal Care,4997.705979379936,408462.50969472225
2017-05,Snacks,4963.84749749948,757383.8511684706
2017-05,Vegetables,4987.958270227933,768444.8511113155
2017-06,Baby Food,5004.290027827529,1277495.1583038117
2017-06,Beverages,4965.83506207087,235628.87369526274
2017-06,Cereal,4988.913783409954,1026219.5652474273
2017-06,Clothes,4995.638933345681,545923.422636016
2017-06,Cosmetics,4984.918589105095,2179406.4071567478
2017-06,Fruits,5001.03538648538,46659.66015590858
2017-06,Household,5039.660601833044,3367853.9903869685
2017-06,Meat,4969.988529429065,2096788.4606808284
2017-06,Office Supplies,5010.939138223137,3263173.6762022893
2017-06,Personal Care,5000.38621630059,408681.5654582472
2017-06,Snacks,5021.842246742344,766232.6900079469
2017-06,Vegetables,4995.9488494109055,769675.8797402441
2017-07,Baby Food,5020.599235392439,1281658.572810982
2017-07,Beverages,5013.815880257214,237905.5635182048
2017-07,Cereal,4988.996636206699,1026236.6080677179
2017-07,Clothes,5022.422981077563,548850.3833721562
2017-07,Cosmetics,5000.594737097705,2186260.0190591165
2017-07,Fruits,5022.20445956756,46857.167607765325
2017-07,Household,5018.718694125194,3353859.1417230433
2017-07,Meat,5005.164206093794,2111628.726908911
2017-07,Office Supplies,5036.130283075326,3279578.4016414825
2017-07,Personal Care,4965.775631801472,405852.84238713427
2017-07,Snacks,4971.779160084525,758594.0642456968
2017-07,Vegetables,4985.589054251189,768079.8496979381
2017-08,Baby Food,5000.6828651193555,1276574.3218076692
2017-08,Beverages,4948.810123740442,234821.04037148395
2017-08,Cereal,5024.897498309007,1033621.4154021625
2017-08,Clothes,5041.11599787361,550893.1562476282
2017-08,Cosmetics,4956.640969705507,2167043.4319552477
2017-08,Fruits,4995.171644219144,46604.95144056462
2017-08,Household,4946.877383196814,3305849.7488689343
2017-08,Meat,5045.412217206932,2128608.9603174324
2017-08,Office Supplies,5038.338885855752,3281016.665858124
2017-08,Personal Care,5029.707676263732,411078.00838103483
2017-08,Snacks,4987.320942259929,760965.42937002
2017-08,Vegetables,5025.08682615084,774164.8764367984
2017-09,Baby Food,5011.198969464324,1279258.8729248527
2017-09,Beverages,5003.503840203909,237416.25721767545
2017-09,Cereal,5004.557470330221,1029437.4716469264
2017-09,Clothes,4998.194255780986,546202.6682717461
2017-09,Cosmetics,5051.773342005319,2208635.3051247257
2017-09,Fruits,4977.260901448393,46437.84421051351
2017-09,Household,5024.2829655173755,3357577.5773662967
2017-09,Meat,5008.49706966667,2113034.828721671
2017-09,Office Supplies,4993.145668531977,3251586.3908047094
2017-09,Personal Care,4971.798096521503,406345.0584287024
2017-09,Snacks,5030.158267685531,767501.5484834583
2017-09,Vegetables,4979.034923774678,767070.1203567268
2017-10,Baby Food,5003.606624602077,1277320.6991284182
2017-10,Beverages,4969.428672705269,235799.390519865
2017-10,Cereal,5025.628807761771,1033771.8457565963
2017-10,Clothes,4993.12689772173,545648.9073830306
2017-10,Cosmetics,5027.871732119337,2198185.521282574
2017-10,Fruits,4996.512645577023,46617.46298323363
2017-10,Household,5016.9224369963995,3352658.756971584
2017-10,Meat,5031.40554823493,2122699.6867448343
2017-10,Office Supplies,5001.545315531543,3257056.324927296
2017-10,Personal Care,4969.706306329965,406174.09641634807
2017-10,Snacks,5014.346342022796,765088.9648658383
2017-10,Vegetables,4991.075874793155,768925.1492706335
2017-11,Baby Food,4969.8536385601965,1268704.2368516468
2017-11,Beverages,4990.336257360838,236791.45541177175
2017-11,Cereal,5022.717484956994,1033172.9866556537
2017-11,Clothes,4994.434122527319,545791.7609097855
2017-11,Cosmetics,4976.434148069824,2175697.009536127
2017-11,Fruits,5006.014313868452,46706.113548392656
2017-11,Household,4975.178380270645,3324762.4561834633
2017-11,Meat,5010.184969322408,2113746.936707431
2017-11,Office Supplies,4975.147184499296,3239865.598017786
2017-11,Personal Care,4961.45359828645,405499.6025879515
2017-11,Snacks,5016.123946913873,765360.1918201187
2017-11,Vegetables,4988.1134834527265,768468.763260727
2017-12,Baby Food,4996.674034131213,1275550.9474330163
2017-12,Beverages,5000.796029937176,237287.77162051902
2017-12,Cereal,4987.211064107806,1025869.3158869757
2017-12,Clothes,4967.8663967407065,542888.4398358244
2017-12,Cosmetics,4984.340189714653,2179153.5309432466
2017-12,Fruits,5024.405429836733,46877.702660376715
2017-12,Household,4998.391373484348,3340275.003158385
2017-12,Meat,4986.473718378356,2103743.3970466447
2017-12,Office Supplies,4925.362288094596,3207445.175630082
2017-12,Personal Care,5012.792406250667,409695.523362867
2017-12,Snacks,5024.006969046506,766562.983337116
2017-12,Vegetables,4979.546386600827,767148.9163197232
2018-01,Baby Food,5005.719106355563,1277859.973470448
2018-01,Beverages,4989.454293690151,236749.60623559766
2018-01,Cereal,4987.481795228768,1025925.0052785575
2018-01,Clothes,4973.417630122146,543495.0786197481
2018-01,Cosmetics,4995.895654751647,2184205.5802574204
2018-01,Fruits,5036.552199632034,46991.03202256687
2018-01,Household,4990.720448544577,3335148.754148884
2018-01,Meat,4985.652712089168,2103397.022703299
2018-01,Office Supplies,5038.528150087687,3281139.916618603
2018-01,Personal Care,4975.016011714065,406608.0586373905
2018-01,Snacks,4968.524409741573,758097.4544383693
2018-01,Vegetables,4989.396365856953,768666.4041239221
2018-02,Baby Food,5018.8228027897,1281205.0850961546
2018-02,Beverages,4964.855479993644,235582.3925256984
2018-02,Cereal,4977.636992212567,1023899.9292981251
2018-02,Clothes,5019.8658367922635,548570.9386446585
2018-02,Cosmetics,4956.384692952645,2166931.3877588967
2018-02,Fruits,4984.421610672862,46504.653627577805
2018-02,Household,5000.973026467133,3342000.244397191
2018-02,Meat,4947.324976618747,2087226.9343856832
2018-02,Office Supplies,4960.140500686474,3230093.095452039
2018-02,Personal Care,4987.8744099378,407658.97552421637
2018-02,Snacks,4949.1077858794215,755134.8659694821
2018-02,Vegetables,5015.15017053527,772634.0352726637
2018-03,Baby Food,5015.829729834543,1280441.013432162
2018-03,Beverages,4980.805966801537,236339.2431247329
2018-03,Cereal,4999.166754097483,1028328.6013178522
2018-03,Clothes,4970.580728606436,543185.0620221114
2018-03,Cosmetics,5005.707887009872,2188495.488200716
2018-03,Fruits,5002.550468349591,46673.79586970168
2018-03,Household,5015.907823714725,3351980.7213538396
2018-03,Meat,4982.127755476901,2101909.87875815
2018-03,Office Supplies,5041.535600609469,3283098.398472892
2018-03,Personal Care,5037.333880784691,411701.2980765328
2018-03,Snacks,4968.677016083586,758120.7391140335
2018-03,Vegetables,5006.865551549736,771357.7068717523
2018-04,Baby Food,5031.750937812434,1284505.379404758
2018-04,Beverages,4992.956087108937,236915.76633331907
2018-04,Cereal,5035.4983558319,1035802.0117946218
2018-04,Clothes,5009.966635241282,547489.1538991673
2018-04,Cosmetics,5035.744203299818,2201627.36568268
2018-04,Fruits,5022.067835256657,46855.89290294461
2018-04,Household,5002.043338519867,3342715.501832672
2018-04,Meat,4969.40497971074,2096542.266890164
2018-04,Office Supplies,5022.192502005761,3270501.979231172
2018-04,Personal Care,4997.713931405232,408463.1596137496
2018-04,Snacks,5023.624369711955,766504.6063306502
2018-04,Vegetables,5001.57232036164,770542.2316749142
2018-05,Baby Food,4992.024597533518,1274364.0392583564
2018-05,Beverages,5020.027944897319,238200.32598537777
2018-05,Cereal,4997.871694214323,1028062.2074998862
2018-05,Clothes,5046.39248312293,551469.7705556737
2018-05,Cosmetics,4989.766881390719,2181526.0805440224
2018-05,Fruits,5004.22112766411,46689.38312110615
2018-05,Household,4986.886036419118,3332586.331557804
2018-05,Meat,4991.284334807902,2105772.948012106
2018-05,Office Supplies,5021.243943084788,3269884.2681762446
2018-05,Personal Care,5004.019987143757,408978.5535492593
2018-05,Snacks,5026.317798630071,766915.5697149761
2018-05,Vegetables,4965.922350326424,765049.9972912888
2018-06,Baby Food,5013.289740003517,1279792.6048280979
2018-06,Beverages,5013.883120279527,237908.75405726358
2018-06,Cereal,5023.273218298055,1033287.30100391
2018-06,Clothes,4993.128158044775,545649.045111133
2018-06,Cosmetics,4985.232745769364,2179543.7564503653
2018-06,Fruits,5057.384582274367,47185.39815261984
2018-06,Household,5022.673391283991,3356501.9471933525
2018-06,Meat,4960.166151466242,2092644.4976420926
2018-06,Office Supplies,5036.283453601678,3279678.1478199493
2018-06,Personal Care,5004.875693737333,409048.4904491522
2018-06,Snacks,4976.555478214789,759322.8348660124
2018-06,Vegetables,4995.277696364679,769572.4819019425
2018-07,Baby Food,4997.75053066977,1275825.755469379
2018-07,Beverages,4982.976059625483,236442.21402922916
2018-07,Cereal,5059.833711470716,1040807.7944495264
2018-07,Clothes,5034.299583040867,550148.258434706
2018-07,Cosmetics,5036.828718243781,2202101.515616181
2018-07,Fruits,4985.178706414819,46511.71733085026
2018-07,Household,4987.056533394096,3332700.269571272
2018-07,Meat,5039.67082871994,2126186.7259286554
2018-07,Office Supplies,4974.685297335533,3239564.8124778722
2018-07,Personal Care,4995.4460796353305,408277.8080885956
2018-07,Snacks,5003.461747374021,763428.1934143282
2018-07,Vegetables,5010.300089550548,771886.8317961575
2018-08,Baby Food,4975.671406188448,1270189.3965717868
2018-08,Beverages,5012.928086777193,237863.43771757782
2018-08,Cereal,4975.914713748114,1023545.6566179872
2018-08,Clothes,4987.3563554031725,545018.3025184587
2018-08,Cosmetics,5020.904754732749,2195139.5587691576
2018-08,Fruits,4990.512029878826,46561.47723876945
2018-08,Household,4993.230792053318,3336826.341405471
2018-08,Meat,5036.881891665745,2125010.101274861
2018-08,Office Supplies,5029.8913408567305,3275515.540079312
2018-08,Personal Care,4989.075575161687,407757.14675796474
2018-08,Snacks,5024.133457558329,766582.2829542499
2018-08,Vegetables,4979.213645956795,767097.6542961037
2018-09,Baby Food,4969.303288412192,1268563.7434658646
2018-09,Beverages,4970.407847488072,235845.85236330904
2018-09,Cereal,4979.847209055192,1024354.5709026532
2018-09,Clothes,5011.95880601058,547706.8583208361
2018-09,Cosmetics,5010.415164961195,2190553.5101210345
2018-09,Fruits,4972.607089207985,46394.4241423105
2018-09,Household,4975.478071258504,3324962.730679921
2018-09,Meat,4973.493494701523,2098267.170479625
2018-09,Office Supplies,5025.568878120994,3272700.7091211723
2018-09,Personal Care,5043.111537772406,412173.50598213874
2018-09,Snacks,4991.005936942215,761527.6858586431
2018-09,Vegetables,4997.368893617647,769894.6517507345
2018-10,Baby Food,4950.239306233343,1263697.0900952478
2018-10,Beverages,5045.624625091875,239414.8884606095
2018-10,Cereal,5002.80852705367,1029077.71401494
2018-10,Clothes,4985.580307212788,544824.2159722134
2018-10,Cosmetics,5000.210967475183,2186092.2349801497
2018-10,Fruits,5026.186423010219,46894.31932668534
2018-10,Household,5005.76835173652,3345204.816414965
2018-10,Meat,5016.432616598088,2116382.7566165673
2018-10,Office Supplies,4979.088098239503,3242431.960454547
2018-10,Personal Care,5031.810364622256,411249.86110057705
2018-10,Snacks,5012.1858021097105,764759.3096858996
2018-10,Vegetables,4985.21791901258,768022.6726030781
2018-11,Baby Food,4988.202271133458,1273388.2757749492
2018-11,Beverages,5048.535528412311,239553.01082316416
2018-11,Cereal,5033.192911365765,1035327.7818679379
2018-11,Clothes,4994.618458563986,545811.9051518723
2018-11,Cosmetics,4982.838540186242,2178497.0097694253
2018-11,Fruits,4996.990367288513,46621.92012680182
2018-11,Household,5013.596268012786,3350435.9780249046
2018-11,Meat,5007.793294009547,2112737.9128096877
2018-11,Office Supplies,5000.886811077141,3256627.500241545
2018-11,Personal Care,4999.838910521584,408636.83415692905
2018-11,Snacks,4965.118906356848,757577.8427319278
2018-11,Vegetables,4982.685171249919,767632.4774827625
2018-12,Baby Food,5033.416436950871,1284930.5480248183
2018-12,Beverages,4996.958458776678,237105.67886895337
2018-12,Cereal,4986.286313173601,1025679.0946198099
2018-12,Clothes,4995.123838349494,545867.1330548327
2018-12,Cosmetics,5031.923042161171,2199956.754032864
2018-12,Fruits,5003.329440656265,46681.06368132295
2018-12,Household,4984.0460094707305,3330688.4267490054
2018-12,Meat,4989.15755088474,2104875.679142763
2018-12,Office Supplies,4962.641814297485,3231721.9758886653
2018-12,Personal Care,5008.921779564011,409379.17704376654
2018-12,Snacks,5009.059639647565,764282.3198174255
2018-12,Vegetables,5057.353387277271,779135.8628439365
2019-01,Baby Food,4991.360245641815,1274194.4435074423
2019-01,Beverages,4968.036556909587,235733.3346253599
2019-01,Cereal,5010.700018207619,1030700.9937453072
2019-01,Clothes,4991.810814517636,545505.0858104872
2019-01,Cosmetics,5011.54052344103,2191045.5168484184
2019-01,Fruits,4956.37562362618,46242.98456843225
2019-01,Household,5012.406219941449,3349640.7046002722
2019-01,Meat,5011.952119852961,2114492.4798447657
2019-01,Office Supplies,4970.886554421892,3237091.03310508
2019-01,Personal Care,5018.528073880908,410164.2994782866
2019-01,Snacks,4993.899038344705,761969.115270635
2019-01,Vegetables,4977.284651700012,766800.4734409037
2019-02,Baby Food,5043.913726060578,1287610.2959887444
2019-02,Beverages,5021.333691883108,238262.28367985354
2019-02,Cereal,5038.392103601518,1036397.2557108323
2019-02,Clothes,5000.636840599126,546469.5939406725
2019-02,Cosmetics,5001.334190046554,2186583.3078883532
2019-02,Fruits,4989.629022548845,46553.23878038072
2019-02,Household,5005.449988186871,3344992.0636056405
2019-02,Meat,4957.301569553454,2091435.9591789069
2019-02,Office Supplies,4996.494966891875,3253767.487389658
2019-02,Personal Care,5019.6388564271065,410255.0837357874
2019-02,Snacks,4976.461020716137,759308.4225408682
2019-02,Vegetables,5004.630639281723,771013.3962877423
2019-03,Baby Food,4991.72552838152,1274287.6928852345
2019-03,Beverages,4967.939756622878,235728.74145175557
2019-03,Cereal,5025.84010171257,1033815.3089222756
2019-03,Clothes,4979.815936027522,544194.2854890876
2019-03,Cosmetics,4970.850213643997,2173255.713405156
2019-03,Fruits,4999.927743214131,46649.32584418784
2019-03,Household,4950.492528873004,3308265.6422699625
2019-03,Meat,4984.56446970192,2102937.904122543
2019-03,Office Supplies,5027.425964886971,3273910.062594045
2019-03,Personal Care,5028.368838099424,410968.58513786586
2019-03,Snacks,4964.610820361828,757500.3189708076
2019-03,Vegetables,5014.123124041007,772475.8084897575
2019-04,Baby Food,4986.981035033516,1273076.518623356
2019-04,Beverages,5005.044068637543,237489.3410568514
2019-04,Cereal,5006.860619476331,1029911.2294262813
2019-04,Clothes,5055.597066709065,552475.6474499666
2019-04,Cosmetics,5000.450865721886,2186197.1184936087
2019-04,Fruits,4986.329189136596,46522.45133464444
2019-04,Household,5022.25079813276,3356219.5408681794
2019-04,Meat,4973.800879253947,2098396.8529484477
2019-04,Office Supplies,5084.752274533547,3311241.528698991
2019-04,Personal Care,5022.916143252983,410522.9363880663
2019-04,Snacks,5027.311576590261,767067.2003561421
2019-04,Vegetables,4979.845050876348,767194.9285380101
2019-05,Baby Food,4985.80820392538,1272777.1182980712
2019-05,Beverages,5002.300406238026,237359.15427599434
2019-05,Cereal,5031.3569983329835,1034950.1345570948
2019-05,Clothes,4991.306633691927,545449.9889298538
2019-05,Cosmetics,5008.097116832665,2189540.0594792413
2019-05,Fruits,4965.752509960855,46330.47091793478
2019-05,Household,4982.219900823684,3329468.093123443
2019-05,Meat,5028.706332471328,2121560.9146063286
2019-05,Office Supplies,4994.288575865331,3252330.6634892626
2019-05,Personal Care,4924.901944101108,402512.2358913835
2019-05,Snacks,4975.498855233449,759161.6153315195
2019-05,Vegetables,5010.75614313247,771957.0914109882
2019-06,Baby Food,4932.713295063357,1259223.0499637737
2019-06,Beverages,4994.844548221201,237005.373813096
2019-06,Cereal,5025.507790836213,1033746.9525750089
2019-06,Clothes,5021.290952931763,548726.675336383
2019-06,Cosmetics,4988.281705110571,2180876.7614743416
2019-06,Fruits,5012.203797248894,46763.86142833218
2019-06,Household,4962.373653065742,3316205.441134243
2019-06,Meat,5068.333323945933,2138279.1460395497
2019-06,Office Supplies,4966.969681424444,3234540.3262404124
2019-06,Personal Care,5029.279561879572,411043.0185924174
2019-06,Snacks,5024.536553875667,766643.7873903493
2019-06,Vegetables,4996.477489980141,769757.3221063406
2019-07,Baby Food,4980.678543216444,1271467.6185122938
2019-07,Beverages,4970.508070438313,235850.60794229794
2019-07,Cereal,4994.789995955756,1027428.302168099
2019-07,Clothes,5035.408527853747,550269.4439238574
2019-07,Cosmetics,4994.624399910779,2183649.7876409926
2019-07,Fruits,4987.547662046575,46533.819686894545
2019-07,Household,4990.929967142389,3335288.7691422445
2019-07,Meat,5027.0652576480825,2120868.56154915
2019-07,Office Supplies,4993.33803505295,3251711.661806831
2019-07,Personal Care,5000.939284417593,408726.76771544985
2019-07,Snacks,5010.968777034108,764573.6159998641
2019-07,Vegetables,5017.921771661835,773061.0281422223
2019-08,Baby Food,4967.383740008091,1268073.7211492655
2019-08,Beverages,5011.00662484656,237772.26434896927
2019-08,Cereal,4926.933695076981,1013470.261077335
2019-08,Clothes,4976.66435202708,543849.8803895193
2019-08,Cosmetics,4998.744528286915,2185451.107767039
2019-08,Fruits,4977.823222184617,46443.09066298248
2019-08,Household,4991.027454812755,3335353.91722772
2019-08,Meat,5011.724677655556,2114396.5242561027
2019-08,Office Supplies,4988.39225109079,3248490.917832833
2019-08,Personal Care,4987.521832044456,407630.1593329933
2019-08,Snacks,5022.5362657823525,766338.5834330714
2019-08,Vegetables,4971.615071834973,765927.0179668958
2019-09,Baby Food,4999.887156000799,1276371.193183884
2019-09,Beverages,5034.501432897332,238887.0929909784
2019-09,Cereal,5025.157887923657,1033674.9775458962
2019-09,Clothes,4978.219790089715,544019.8586610041
2019-09,Cosmetics,4967.234084973498,2171674.7419504137
2019-09,Fruits,4984.627290951681,46506.57262457918
2019-09,Household,5028.090189706423,3360121.8310751114
2019-09,Meat,5041.7106215796575,2127047.2941382416
2019-09,Office Supplies,5017.758805937123,3267614.712014314
2019-09,Personal Care,5022.3080480842655,410473.23676992697
2019-09,Snacks,5012.600757008282,764822.6235043237
2019-09,Vegetables,4998.8569083418915,770123.8952991519
2019-10,Baby Food,5043.012752930147,1287380.2955680077
2019-10,Beverages,5033.630161300425,238845.7511537052
2019-10,Cereal,5018.760952611139,1032359.1279521114
2019-10,Clothes,4956.347245027208,541629.6269365733
2019-10,Cosmetics,4987.848774100402,2180687.4840366957
2019-10,Fruits,4964.668159381842,46320.353927032585
2019-10,Household,5035.360245516652,3364980.191271413
2019-10,Meat,5011.163051227485,2114159.5796823637
2019-10,Office Supplies,4968.6079710310905,3235607.1968151564
2019-10,Personal Care,4957.346533323788,405163.93216855323
2019-10,Snacks,5019.812325699667,765922.9646552552
2019-10,Vegetables,5009.048988668157,771694.0871942162
2019-11,Baby Food,4966.996865499157,1267974.9598246247
2019-11,Beverages,5010.62655031155,237754.22981228304
2019-11,Cereal,5015.462570754216,1031680.6508041422
2019-11,Clothes,4978.2384986888055,544021.9031367127
2019-11,Cosmetics,4965.65631193222,2170984.9395767665
2019-11,Fruits,5017.145378286023,46809.966379408594
2019-11,Household,4972.182768601935,3322760.578773615
2019-11,Meat,4991.863890852154,2106017.456911615
2019-11,Office Supplies,4976.460073426039,3240720.5644157706
2019-11,Personal Care,4981.62804323093,407148.45997326396
2019-11,Snacks,5001.785864447769,763172.4871974406
2019-11,Vegetables,5014.686311981058,772562.5732238018
2019-12,Baby Food,4991.440175002738,1274214.847874699
2019-12,Beverages,4993.355370874211,236934.71234798135
2019-12,Cereal,5012.714431520432,1031115.3585637531
2019-12,Clothes,4992.378991386804,545567.17617875
2019-12,Cosmetics,5019.963812158138,2194728.1786755384
2019-12,Fruits,5008.678808908353,46730.97328711493
2019-12,Household,4991.282740492998,3335524.5169892553
2019-12,Meat,5016.175329767223,2116274.209875494
2019-12,Office Supplies,5014.976286995742,3265802.7078544972
2019-12,Personal Care,4997.301381691355,408429.44192563446
2019-12,Snacks,4964.588239771265,757496.8736242997
2019-12,Vegetables,5038.304271584149,776201.156080254
2020-01,Baby Food,5064.391526029525,1292837.868764817
2020-01,Beverages,5046.238123969101,239443.99898233384
2020-01,Cereal,5043.205193679677,1037387.3083399094
2020-01,Clothes,5021.04852867853,548700.1832139897
2020-01,Cosmetics,4999.804205791913,2185914.3987722243
2020-01,Fruits,5023.750851657172,46871.5954459614
2020-01,Household,4992.976166648696,3336656.1828863234
2020-01,Meat,4970.903210052859,2097174.3552892003
2020-01,Office Supplies,5019.881934162401,3268997.3143458967
2020-01,Personal Care,4926.6692909399335,402656.6811485208
2020-01,Snacks,4989.292062707604,761266.1829279262
2020-01,Vegetables,5009.285313982117,771730.4954720851
2020-02,Baby Food,4970.123696325057,1268773.1771978606
2020-02,Beverages,5000.707371302397,237283.5647682988
2020-02,Cereal,5000.534327948244,1028609.9112589536
2020-02,Clothes,4966.150931794015,542700.97382645
2020-02,Cosmetics,5009.390651889876,2190105.5930062537
2020-02,Fruits,5026.462392737367,46896.894124239625
2020-02,Household,4948.623307129306,3307016.4974553017
2020-02,Meat,5016.042898543064,2116218.338466333
2020-02,Office Supplies,5010.828674764614,3263101.741293465
2020-02,Personal Care,4999.990566165279,408649.22897268826
2020-02,Snacks,5024.219585179001,766595.424306612
2020-02,Vegetables,5015.460600214431,772681.8600690351
2020-03,Baby Food,4983.34509586811,1272148.3360732112
2020-03,Beverages,4975.845575038391,236103.8725355717
2020-03,Cereal,5013.230983855982,1031221.6133791755
2020-03,Clothes,5021.489891504132,548748.4153435716
2020-03,Cosmetics,5019.251302656667,2194416.669521495
2020-03,Fruits,4974.028410528702,46407.68507023279
2020-03,Household,4974.43446205405,3324265.3179568592
2020-03,Meat,5016.397805330347,2116368.0700908205
2020-03,Office Supplies,5014.06563019047,3265209.679036336
2020-03,Personal Care,4967.697703674692,406009.93332133256
2020-03,Snacks,4990.197635812541,761404.3552722775
2020-03,Vegetables,4992.084014662626,769080.4632989243
2020-04,Baby Food,4991.713300382254,1274284.5713215817
2020-04,Beverages,4992.985516439099,236917.16275503524
2020-04,Cereal,5045.766450752682,1037914.1589198268
2020-04,Clothes,5007.946074105216,547268.3469782181
2020-04,Cosmetics,4994.227423525542,2183476.2295653666
2020-04,Fruits,4985.431715209302,46514.07790290278
2020-04,Household,4933.72142419715,3297058.016148229
2020-04,Meat,5006.242499248039,2112083.648007755
2020-04,Office Supplies,5033.5729435508565,3277913.036569753
2020-04,Personal Care,4997.23794072006,408424.25689505046
2020-04,Snacks,5049.786083564601,770496.3606302867
2020-04,Vegetables,4983.118731860332,767699.2718304028
2020-05,Baby Food,4996.975102362576,1275627.804131118
2020-05,Beverages,5008.545051892234,237655.46271228653
2020-05,Cereal,4975.09537721663,1023377.1190934607
2020-05,Clothes,4979.824976310106,544195.2734111683
2020-05,Cosmetics,4993.050497223344,2182961.6773860464
2020-05,Fruits,5014.541013601232,46785.6676568995
2020-05,Household,5007.78092099465,3346549.7560730954
2020-05,Meat,5001.733131231103,2110181.19073509
2020-05,Office Supplies,5011.5275259418795,3263556.8401686116
2020-05,Personal Care,5002.5204628143765,408855.99742581905
2020-05,Snacks,5028.877378775003,767306.11045349
2020-05,Vegetables,5011.452682711218,772064.4002984902
2020-06,Baby Food,4959.331464265516,1266018.1361977009
2020-06,Beverages,5012.092652143319,237823.7963442005
2020-06,Cereal,4983.572378612893,1025120.838280672
2020-06,Clothes,5001.556619526819,546570.1073818908
2020-06,Cosmetics,4992.310267461012,2182638.0489339544
2020-06,Fruits,5058.83248500202,47198.907085068844
2020-06,Household,4992.152086322547,3336105.474726768
2020-06,Meat,4960.939979418253,2092970.967916767
2020-06,Office Supplies,5006.782485704997,3260466.8225159515
2020-06,Personal Care,5010.518001076746,409509.63622800243
2020-06,Snacks,4976.07513645873,759249.5443208732
2020-06,Vegetables,4994.728076482193,769487.8074628465
2020-07,Baby Food,4998.000455753046,1275889.5563446374
2020-07,Beverages,5043.343095784364,239306.6298949681
2020-07,Cereal,4994.897773190513,1027450.4719452886
2020-07,Clothes,4996.619905731696,546030.6232983597
2020-07,Cosmetics,4987.064020567147,2180344.3897919566
2020-07,Fruits,5035.1704993154335,46978.14075861299
2020-07,Household,5013.369467942139,3350284.414341693
2020-07,Meat,4991.613872919472,2105911.976845996
2020-07,Office Supplies,4996.205513225966,3253578.992267881
2020-07,Personal Care,4986.592571445027,407554.21086420206
2020-07,Snacks,4977.3373717756585,759442.1361855299
2020-07,Vegetables,4988.824898122938,768578.3638048199
2020-08,Baby Food,5009.720166918428,1278881.3642109362
2020-08,Beverages,4988.000629318251,236680.629861151
2020-08,Cereal,5011.479035488267,1030861.2375999365
2020-08,Clothes,5013.303599800117,547853.8173861568
2020-08,Cosmetics,5006.467652096222,2188827.657496468
2020-08,Fruits,4988.034275363371,46538.35978914025
2020-08,Household,5040.8398212506645,3368642.0273471815
2020-08,Meat,5026.2275232984075,2120515.1298043653
2020-08,Office Supplies,4989.821524912719,3249421.675238412
2020-08,Personal Care,5023.676292170461,410585.0633590918
2020-08,Snacks,4991.258676743695,761566.248897553
2020-08,Vegetables,5006.0293529831615,771228.8821205859
2020-09,Baby Food,5072.799097383954,1294984.1535801757
2020-09,Beverages,5022.000891478377,238293.94230064898
2020-09,Cereal,5074.01068202794,1043723.9972931471
2020-09,Clothes,5017.593181903881,548322.582918456
2020-09,Cosmetics,4960.571602174786,2168761.9044708167
2020-09,Fruits,5013.713053404112,46777.94278826036
2020-09,Household,4885.595665565644,3264897.0154275526
2020-09,Meat,4992.448941245029,2106264.2838218655
2020-09,Office Supplies,5002.548247015412,3257709.4439389063
2020-09,Personal Care,5006.86353309921,409210.9565601985
2020-09,Snacks,4966.580336922881,757800.8278076932
2020-09,Vegetables,4984.976436846693,767985.4698606016
